{
  "seq_context_k1": {
    "accuracy": {
      "mean": 0.8191766305246482,
      "std": 0.015607296252856286,
      "folds": [
        0.8477858010096492,
        0.8146929004264233,
        0.8215513754045307,
        0.8025664272264453,
        0.8092866485561928
      ],
      "n_folds": 5
    },
    "kappa": {
      "mean": 0.7517842339155267,
      "std": 0.02280071332091466,
      "folds": [
        0.7954930622860287,
        0.7485558600008,
        0.746592936148918,
        0.7379387805780683,
        0.7303405305638186
      ],
      "n_folds": 5
    },
    "n1_recall": {
      "mean": 0.7873734014956432,
      "std": 0.04343646723143238,
      "folds": [
        0.7368421052631579,
        0.8205714285714286,
        0.7316272965879265,
        0.8236074270557029,
        0.82421875
      ],
      "n_folds": 5
    },
    "n1_precision": {
      "mean": 0.3901378698986545,
      "std": 0.041226281113326886,
      "folds": [
        0.4393939393939394,
        0.41052029731275014,
        0.40663749088256745,
        0.31813524590163933,
        0.376002376002376
      ],
      "n_folds": 5
    },
    "n1_f1": {
      "mean": 0.5191802127116556,
      "std": 0.03290610843019373,
      "folds": [
        0.5505084745762712,
        0.5472560975609756,
        0.522737927801219,
        0.458980044345898,
        0.5164185192739139
      ],
      "n_folds": 5
    },
    "transition_auc": {
      "mean": 0.7871787068817995,
      "std": 0.01828577646649338,
      "folds": [
        0.7598861907899916,
        0.7772301209277894,
        0.8073137856106454,
        0.783978784959054,
        0.8074846521215171
      ],
      "n_folds": 5
    }
  },
  "seq_context_k1_notrans": {
    "accuracy": {
      "mean": 0.8256720858015372,
      "std": 0.015068214662876254,
      "folds": [
        0.8509808933478178,
        0.8311513428592803,
        0.8247370550161812,
        0.8077271776274496,
        0.8137639601569574
      ],
      "n_folds": 5
    },
    "kappa": {
      "mean": 0.7573541595738543,
      "std": 0.024368731130985526,
      "folds": [
        0.799632391950011,
        0.7669193252801074,
        0.7475659054114161,
        0.7437463744105941,
        0.7289068008171438
      ],
      "n_folds": 5
    },
    "n1_recall": {
      "mean": 0.7446287448746569,
      "std": 0.053279305770409485,
      "folds": [
        0.7686025408348457,
        0.7234285714285714,
        0.7532808398950132,
        0.8196286472148541,
        0.658203125
      ],
      "n_folds": 5
    },
    "n1_precision": {
      "mean": 0.420069881012731,
      "std": 0.055566851321879905,
      "folds": [
        0.4339139344262295,
        0.4688888888888889,
        0.39709443099273606,
        0.3242392444910808,
        0.47621290626471974
      ],
      "n_folds": 5
    },
    "n1_f1": {
      "mean": 0.5321976209571049,
      "std": 0.037375403179563525,
      "folds": [
        0.5546823837590046,
        0.5689887640449438,
        0.5200453001132502,
        0.46466165413533833,
        0.5526100027329871
      ],
      "n_folds": 5
    },
    "transition_auc": {
      "mean": 0.5245568940189855,
      "std": 0.07396684215733156,
      "folds": [
        0.6131151138207226,
        0.5675366185581778,
        0.4980053879822255,
        0.5477260667501965,
        0.39640128298360566
      ],
      "n_folds": 5
    }
  },
  "seq_context_k1_notrans_2ch": {
    "accuracy": {
      "mean": 0.8228830759734166,
      "std": 0.011534227128051132,
      "folds": [
        0.8385839350757237,
        0.8108027231241116,
        0.8237762944983819,
        0.8320663923565103,
        0.8091860348123554
      ],
      "n_folds": 5
    },
    "kappa": {
      "mean": 0.7540994323563053,
      "std": 0.02146920867936051,
      "folds": [
        0.7816772445983731,
        0.743347978620495,
        0.7436500806282289,
        0.776396052685142,
        0.7254258052492879
      ],
      "n_folds": 5
    },
    "n1_recall": {
      "mean": 0.7476728281982996,
      "std": 0.05099896201494676,
      "folds": [
        0.7504537205081669,
        0.7805714285714286,
        0.7040682414698163,
        0.8222811671087533,
        0.6809895833333334
      ],
      "n_folds": 5
    },
    "n1_precision": {
      "mean": 0.408397352266286,
      "std": 0.03848611504378723,
      "folds": [
        0.3921289710763395,
        0.4271419637273296,
        0.46091065292096217,
        0.34540389972144847,
        0.4164012738853503
      ],
      "n_folds": 5
    },
    "n1_f1": {
      "mean": 0.5255246992014567,
      "std": 0.02614076696419784,
      "folds": [
        0.5151043288695111,
        0.5521422797089733,
        0.5571131879543094,
        0.4864652805021577,
        0.516798418972332
      ],
      "n_folds": 5
    },
    "transition_auc": {
      "mean": 0.4542889833431058,
      "std": 0.1243621093446544,
      "folds": [
        0.3657506991617427,
        0.43102227554345884,
        0.35085696006880207,
        0.6943605655651652,
        0.4294544163763603
      ],
      "n_folds": 5
    }
  }
}