{
  "combined_context_2ch": {
    "sleepedf": {
      "accuracy": {
        "mean": 0.8259785958784291,
        "std": 0.014055007428655574,
        "folds": [
          0.8461243529938015,
          0.8189571332385726,
          0.8176072006472492,
          0.8386219401631912,
          0.808582352349331
        ]
      },
      "kappa": {
        "mean": 0.758548711963037,
        "std": 0.026289633731545737,
        "folds": [
          0.7933424363413261,
          0.7537242986060618,
          0.7383875146953409,
          0.7833706753830485,
          0.7239186347894082
        ]
      },
      "n1_f1": {
        "mean": 0.5205567570408964,
        "std": 0.02649402336867264,
        "folds": [
          0.5348688419705694,
          0.5389082462253194,
          0.5485551871151113,
          0.5033444816053512,
          0.4771070282881307
        ]
      },
      "n1_recall": {
        "mean": 0.7289704704331553,
        "std": 0.09965010707088197,
        "folds": [
          0.7586206896551724,
          0.7954285714285714,
          0.7598425196850394,
          0.7984084880636605,
          0.5325520833333334
        ]
      }
    },
    "isruc": {
      "accuracy": {
        "mean": 0.7232235974376919,
        "std": 0.013938524968012062,
        "folds": [
          0.7356257362427778,
          0.6991652754590985,
          0.7264021887824897,
          0.7176451059591656,
          0.7372796807449284
        ]
      },
      "kappa": {
        "mean": 0.6523056406599385,
        "std": 0.017799387219248727,
        "folds": [
          0.6672707543238844,
          0.6212482695486545,
          0.6568467594459393,
          0.645666705619315,
          0.6704957143618989
        ]
      },
      "n1_f1": {
        "mean": 0.510487711048664,
        "std": 0.03943973609116665,
        "folds": [
          0.5610236220472441,
          0.5144918201726136,
          0.44447843377179563,
          0.5360283501771886,
          0.496416329074478
        ]
      },
      "n1_recall": {
        "mean": 0.7652059930642938,
        "std": 0.03337165320252092,
        "folds": [
          0.7136894824707847,
          0.7749320915793558,
          0.8090200445434298,
          0.7853846153846153,
          0.7430037313432836
        ]
      }
    }
  },
  "combined_nocontext_2ch": {
    "sleepedf": {
      "accuracy": {
        "mean": 0.807028725284199,
        "std": 0.00551667670038711,
        "folds": [
          0.8171129145632309,
          0.8054911348844168,
          0.8079490291262136,
          0.8034033056698514,
          0.8011872421772814
        ]
      },
      "kappa": {
        "mean": 0.7327407157746376,
        "std": 0.015139764695902933,
        "folds": [
          0.7568798431291852,
          0.733137224542978,
          0.7202371241879281,
          0.7396568788626006,
          0.7137925081504962
        ]
      },
      "n1_f1": {
        "mean": 0.4733364225491162,
        "std": 0.034179750925801757,
        "folds": [
          0.4895145073254812,
          0.4951793289625916,
          0.5064611199274541,
          0.41061276058117496,
          0.46491439594887873
        ]
      },
      "n1_recall": {
        "mean": 0.7458933592721281,
        "std": 0.07556136450286126,
        "folds": [
          0.7731397459165155,
          0.7337142857142858,
          0.7329396325459318,
          0.8620689655172413,
          0.6276041666666666
        ]
      }
    },
    "isruc": {
      "accuracy": {
        "mean": 0.7094020493882318,
        "std": 0.015515183174484469,
        "folds": [
          0.696976496325798,
          0.6928770172509738,
          0.7289740082079343,
          0.7008797653958945,
          0.7273029597605587
        ]
      },
      "kappa": {
        "mean": 0.6348932725730023,
        "std": 0.02011788691925889,
        "folds": [
          0.6186658135574912,
          0.6142713895409622,
          0.6601688868677347,
          0.6229428576337515,
          0.6584174152650719
        ]
      },
      "n1_f1": {
        "mean": 0.4928623853043398,
        "std": 0.027547861435452063,
        "folds": [
          0.5226439982412429,
          0.5033285471870513,
          0.4456241468223874,
          0.5128205128205128,
          0.47989472145050444
        ]
      },
      "n1_recall": {
        "mean": 0.7797422288574594,
        "std": 0.03407636846655051,
        "folds": [
          0.7441569282136895,
          0.7481567714396585,
          0.8179287305122495,
          0.823076923076923,
          0.7653917910447762
        ]
      }
    }
  },
  "combined_context_3ch": {
    "sleepedf": {
      "accuracy": {
        "mean": 0.8313967643261642,
        "std": 0.010712775241148019,
        "folds": [
          0.8454853345261678,
          0.8280840876786115,
          0.837328074433657,
          0.8133063672501569,
          0.8327799577422276
        ]
      },
      "kappa": {
        "mean": 0.7661173519885605,
        "std": 0.013873740074461308,
        "folds": [
          0.7923088875084511,
          0.7638695650913881,
          0.7646333927319681,
          0.7519779010521161,
          0.757797013558879
        ]
      },
      "n1_f1": {
        "mean": 0.5323227550977707,
        "std": 0.03183629041387494,
        "folds": [
          0.5466458658346334,
          0.5581749049429657,
          0.5399849586362497,
          0.4697301239970824,
          0.547077922077922
        ]
      },
      "n1_recall": {
        "mean": 0.7705565834774087,
        "std": 0.0760811901181218,
        "folds": [
          0.79491833030853,
          0.8388571428571429,
          0.7066929133858267,
          0.8541114058355438,
          0.658203125
        ]
      }
    },
    "isruc": {
      "accuracy": {
        "mean": 0.7470373583222294,
        "std": 0.013475961767840198,
        "folds": [
          0.7554832557356819,
          0.7292710072342794,
          0.7638303693570452,
          0.7330271675980745,
          0.7535749916860659
        ]
      },
      "kappa": {
        "mean": 0.6799506400925843,
        "std": 0.017705399954679582,
        "folds": [
          0.6897115531738631,
          0.6554645306446635,
          0.7013680069716602,
          0.6626141155905232,
          0.6905949940822117
        ]
      },
      "n1_f1": {
        "mean": 0.5316918577207834,
        "std": 0.02147291536167166,
        "folds": [
          0.555710792874607,
          0.536599591717702,
          0.49981929887965304,
          0.5516612377850163,
          0.5146683673469388
        ]
      },
      "n1_recall": {
        "mean": 0.7430211458938081,
        "std": 0.05094909415419615,
        "folds": [
          0.6640233722871453,
          0.7140085370585952,
          0.7700445434298441,
          0.8142307692307692,
          0.7527985074626866
        ]
      }
    }
  }
}