{
  "no_transitions": {
    "accuracy": {
      "mean": 0.8064454425444764,
      "std": 0.013543379080308268,
      "folds": [
        0.8293181672950348,
        0.8011520909703,
        0.805370145631068,
        0.7875026152451357,
        0.8088841935808432
      ],
      "n_folds": 5
    },
    "kappa": {
      "mean": 0.7332120473944087,
      "std": 0.01964838601195945,
      "folds": [
        0.7721627546887245,
        0.7278749606799287,
        0.723117489947408,
        0.7196946740154921,
        0.7232103576404905
      ],
      "n_folds": 5
    },
    "n1_recall": {
      "mean": 0.71251199084412,
      "std": 0.060582301784379636,
      "folds": [
        0.7740471869328494,
        0.7394285714285714,
        0.660761154855643,
        0.76657824933687,
        0.6217447916666666
      ],
      "n_folds": 5
    },
    "n1_precision": {
      "mean": 0.35781234621490154,
      "std": 0.04664936723355035,
      "folds": [
        0.3651541095890411,
        0.36430180180180183,
        0.387904468412943,
        0.26908752327746743,
        0.4026138279932546
      ],
      "n_folds": 5
    },
    "n1_f1": {
      "mean": 0.47205167740486764,
      "std": 0.036972714605935944,
      "folds": [
        0.49621873182082604,
        0.4881176914371935,
        0.4888349514563107,
        0.3983459682977257,
        0.4887410440122825
      ],
      "n_folds": 5
    }
  },
  "alpha_1_0": {
    "accuracy": {
      "mean": 0.7928315822383658,
      "std": 0.016050519537046618,
      "folds": [
        0.8124480797495047,
        0.7840203486197351,
        0.7702771035598706,
        0.7875723551154195,
        0.8098400241472985
      ],
      "n_folds": 5
    },
    "kappa": {
      "mean": 0.7160515626986641,
      "std": 0.024780692276356847,
      "folds": [
        0.7502583678125075,
        0.707865995040694,
        0.675153379137669,
        0.7184909691782742,
        0.728489102324176
      ],
      "n_folds": 5
    },
    "n1_recall": {
      "mean": 0.7722245097494684,
      "std": 0.047031293095722314,
      "folds": [
        0.8357531760435571,
        0.7851428571428571,
        0.8031496062992126,
        0.726790450928382,
        0.7102864583333334
      ],
      "n_folds": 5
    },
    "n1_precision": {
      "mean": 0.3362746246430365,
      "std": 0.04203544913503703,
      "folds": [
        0.3320115356885364,
        0.33544921875,
        0.33098972417522987,
        0.27537688442211056,
        0.4075457601793052
      ],
      "n_folds": 5
    },
    "n1_f1": {
      "mean": 0.46628414736665524,
      "std": 0.038047823977857984,
      "folds": [
        0.47523219814241485,
        0.4700650017105713,
        0.4687859057832248,
        0.39941690962099125,
        0.517920721576074
      ],
      "n_folds": 5
    }
  },
  "final_tasa": {
    "accuracy": {
      "mean": 0.7980726642670176,
      "std": 0.006673026585386275,
      "folds": [
        0.8019042750335484,
        0.7939702251814169,
        0.8073927993527508,
        0.7879210544668387,
        0.7991749673005333
      ],
      "n_folds": 5
    },
    "kappa": {
      "mean": 0.7226904298833682,
      "std": 0.008621459081197142,
      "folds": [
        0.7382516400460774,
        0.7164195122803471,
        0.7250927965471379,
        0.7196762027315398,
        0.7140119978117386
      ],
      "n_folds": 5
    },
    "n1_recall": {
      "mean": 0.7524732057098327,
      "std": 0.06665386643012876,
      "folds": [
        0.8548094373865699,
        0.7188571428571429,
        0.6548556430446194,
        0.7851458885941645,
        0.7486979166666666
      ],
      "n_folds": 5
    },
    "n1_precision": {
      "mean": 0.3470975831446949,
      "std": 0.03862730178407258,
      "folds": [
        0.3206262763784888,
        0.37285121517486663,
        0.37462462462462465,
        0.2837967401725791,
        0.38358905937291526
      ],
      "n_folds": 5
    },
    "n1_f1": {
      "mean": 0.47162776621522096,
      "std": 0.03064250679352403,
      "folds": [
        0.46633663366336636,
        0.49102263856362216,
        0.47659980897803245,
        0.4169014084507042,
        0.5072783414203793
      ],
      "n_folds": 5
    }
  },
  "alpha_10_0": {
    "accuracy": {
      "mean": 0.798469910940222,
      "std": 0.013928775084382554,
      "folds": [
        0.8179436385711547,
        0.7953168250168325,
        0.806128640776699,
        0.7756468372968827,
        0.7973136130395412
      ],
      "n_folds": 5
    },
    "kappa": {
      "mean": 0.7236430931428983,
      "std": 0.018923344254100243,
      "folds": [
        0.7580076432760918,
        0.7222847722498731,
        0.724860245012807,
        0.7033223465495886,
        0.7097404586261309
      ],
      "n_folds": 5
    },
    "n1_recall": {
      "mean": 0.7449766820567968,
      "std": 0.0816511787980733,
      "folds": [
        0.8248638838475499,
        0.664,
        0.7020997375328084,
        0.8607427055702918,
        0.6731770833333334
      ],
      "n_folds": 5
    },
    "n1_precision": {
      "mean": 0.33763492041679094,
      "std": 0.04998832254296525,
      "folds": [
        0.3387998509131569,
        0.400137741046832,
        0.36807705538355695,
        0.2503858024691358,
        0.3307741522712732
      ],
      "n_folds": 5
    },
    "n1_f1": {
      "mean": 0.4588291432584091,
      "std": 0.039864930733198016,
      "folds": [
        0.4803170409511229,
        0.49935539321014183,
        0.48296095689460616,
        0.387925881649731,
        0.4435864435864436
      ],
      "n_folds": 5
    }
  },
  "window_32": {
    "accuracy": {
      "mean": 0.8016979671234381,
      "std": 0.016154189406771897,
      "folds": [
        0.8192855773531855,
        0.8056407570883519,
        0.7884304207119741,
        0.7779482530162494,
        0.8171848274474294
      ],
      "n_folds": 5
    },
    "kappa": {
      "mean": 0.7284556227336857,
      "std": 0.02162421920669411,
      "folds": [
        0.7602576859071307,
        0.7348366947493544,
        0.7002965747050489,
        0.708564536311931,
        0.7383226219949639
      ],
      "n_folds": 5
    },
    "n1_recall": {
      "mean": 0.7280999190705766,
      "std": 0.056018636064284595,
      "folds": [
        0.7713248638838476,
        0.7657142857142857,
        0.6240157480314961,
        0.7652519893899205,
        0.7141927083333334
      ],
      "n_folds": 5
    },
    "n1_precision": {
      "mean": 0.3589355730443026,
      "std": 0.056605112559032625,
      "folds": [
        0.3417772416566144,
        0.38483630097645033,
        0.3883217639853001,
        0.2578194816800715,
        0.4219230769230769
      ],
      "n_folds": 5
    },
    "n1_f1": {
      "mean": 0.4761585605475894,
      "std": 0.04989361509310976,
      "folds": [
        0.4736695458344943,
        0.5122324159021406,
        0.4787314372011075,
        0.3856951871657754,
        0.5304642166344294
      ],
      "n_folds": 5
    }
  },
  "window_128": {
    "accuracy": {
      "mean": 0.7945056475083128,
      "std": 0.022070606425956818,
      "folds": [
        0.8306601060770656,
        0.7759407496072417,
        0.7900991100323624,
        0.7695097287119046,
        0.8063185431129892
      ],
      "n_folds": 5
    },
    "kappa": {
      "mean": 0.716707369417044,
      "std": 0.029241856717030487,
      "folds": [
        0.7725239163415965,
        0.698582788551864,
        0.6950879906051199,
        0.6978340557105065,
        0.7195080958761331
      ],
      "n_folds": 5
    },
    "n1_recall": {
      "mean": 0.7156347447576443,
      "std": 0.08116289094526336,
      "folds": [
        0.720508166969147,
        0.7908571428571428,
        0.6482939632545932,
        0.8156498673740054,
        0.6028645833333334
      ],
      "n_folds": 5
    },
    "n1_precision": {
      "mean": 0.3530915547819966,
      "std": 0.04862212510285834,